channel_id,video_id,title,summary,views_in_period
UC510QYlOlKNyhy_zdQxnGYw,qjY9kmveQAk,Why Does Russia insist on still using Armored Trains?,"The video explores Russia's historical and current use of armored trains, highlighting their resurgence in Ukraine due to logistical challenges and tradition despite advancements in modern military technology.",1608
UC510QYlOlKNyhy_zdQxnGYw,1gP5gZN8PnA,Absurd Stories from the Afghanistan War,"The video recounts two harrowing true stories from the Afghanistan war: the daring medevac rescue of a U.S. Marine impaled with an unexploded RPG and the tragic Kajaki Dam incident, highlighting both extraordinary acts of bravery and devastating operational failures.",2101
UC510QYlOlKNyhy_zdQxnGYw,-baLwjsjM34,Bro does Beer Run for his Buddies in Vietnam War,"The video recounts the incredible true story of John ""Chickie"" Donohue, who in 1967 risked his life by sneaking into war-torn Vietnam to deliver beers to his neighborhood friends serving on the frontlines, an adventure later made into book and film.",1607
UC510QYlOlKNyhy_zdQxnGYw,XZz8VVKHDcU,How a Lone US Sub Destroyed Japan's Most Important Ship in WW2,"The video details the history and significance of the Japanese aircraft carrier Shokaku, highlighting its major World War II battles, technological advancements, and ultimate sinking during the Battle of the Philippine Sea, marking a pivotal loss for Japan's naval power.",504
UC510QYlOlKNyhy_zdQxnGYw,_fN_Z6cbx5M,Waffen SS vs. Vietcong - Who Would Win?,"The video compares the Viet Cong and Waffen SS, concluding that the SS would dominate in open combat due to superior training and aggression, while the Viet Cong’s guerrilla tactics and adaptability would ensure victory in protracted jungle warfare.",2905
UC510QYlOlKNyhy_zdQxnGYw,p-utVYtJ5Zk,Japans History Highlights,"This video provides an in-depth historical overview of the Yakuza's origins, rituals, organizational structure, and influence in Japan; the evolution and actions of the Japanese military; Edo-period society and culture; and notable events including atomic bomb survivorship and the Yamaichi gang war.",230
UC510QYlOlKNyhy_zdQxnGYw,J8VR1oFjwCk,Gun Loadouts used by the Worlds most Elite Units,"The video explores the specialized weapons and equipment used by elite military units worldwide—including Ukrainian, American, British, Russian, and Israeli Special Forces—highlighting their advanced features and crucial roles in enhancing operational effectiveness.",700
UC510QYlOlKNyhy_zdQxnGYw,FDLJWjXv-Bc,How Tanks are Stolen in War,"The video explores the challenges of capturing enemy tanks intact, highlighting historical and modern examples—like Ukraine’s use of abandoned Russian tanks—while emphasizing that forcing crews to abandon vehicles is usually the only practical way to seize and repurpose them.",806
UC510QYlOlKNyhy_zdQxnGYw,g0IelB_oxls,Dirtiest Tricks Used in War,"The video explores some of the dirtiest and most underhanded tactics used in warfare throughout history, from sabotaged ammunition in Vietnam to psychological and physical warfare in conflicts ancient and modern, highlighting how pragmatism often overrides honor in battle.",35830
UC510QYlOlKNyhy_zdQxnGYw,52fq8E9LWE8,Miserable History of Medicine,"The video explores the evolution of medical understanding and practices from the 16th century to the modern era, highlighting the deadly health challenges faced by people—such as scurvy, the Black Death, Spanish Flu, and unsafe medical procedures—before the advances of modern science and technology.",257
UC510QYlOlKNyhy_zdQxnGYw,OxOT6FQCTuE,The Forgotten Stalingrad of Asia (WWII),"The Battle of Kohima (April–June 1944) was a pivotal Allied victory in World War II’s Burma campaign, where British and Indian troops, enduring a brutal siege and fierce combat—epitomized by the “tennis court” fight—repelled the Japanese offensive and turned the tide in Asia.",1324
UC510QYlOlKNyhy_zdQxnGYw,Ljm-mXN0Z84,Why you Must NOT Shoot Medics in War,"This video explores the historical evolution and challenges of battlefield rules protecting medics and officers, highlighting how conventions like the Geneva Convention sought to shield non-combatants, but were frequently violated—especially during World War II—resulting in deliberate targeting and war crimes.",2456
UC510QYlOlKNyhy_zdQxnGYw,8savDdUMOoU,Axis Punishments of WW2,"The video details the brutal execution methods and war crimes committed by Nazi Germany and Imperial Japan during World War II, highlighting atrocities such as beheading, use of the guillotine, torture, cannibalism, and live dissection of prisoners.",2111
UC510QYlOlKNyhy_zdQxnGYw,EjouQ4y0ATY,Bizarre and Mysterious: Deaths Throughout History,"This video explores history's strangest and most gruesome deaths, from the preserved corpses marking Mount Everest's dangers, to bizarre accidents, notorious assassinations, and unusual medical mishaps, highlighting how fate and circumstance have led to remarkable demises across time.",2021
UC510QYlOlKNyhy_zdQxnGYw,o80Anz6Wn2g,Haiti's Voodoo Dictator from Hell - Papa Doc Duvalier,"The video recounts the brutal 1957–1971 dictatorship of François ""Papa Doc"" Duvalier in Haiti, highlighting his use of violence, voodoo mystique, and the notorious Tonton Macoute militia to terrorize and oppress the Haitian people, resulting in tens of thousands of deaths.",5988
UC510QYlOlKNyhy_zdQxnGYw,2slKliE5u6Y,Most Fearsome Warriors in History,"The video explores some of history’s most feared warrior groups—including Italy’s Arditi, Nepal’s Gurkhas, the Zulu, Comanche, and Māori—detailing their origins, tactics, weaponry, and legendary reputations for bravery and ferocity in battle.",5835
UC510QYlOlKNyhy_zdQxnGYw,qeve4_CDxXU,Infamous Cases of Cannibalism in History,"This video explores historical cases of extreme cruelty and survival, including Aztec human sacrifices, George H.W. Bush's WWII near-capture by cannibals, the cannibalism on Siberia's Nazino Island and in Australian penal colonies, and the infamous crimes of Countess Elizabeth Bathory.",523
UC510QYlOlKNyhy_zdQxnGYw,rj3-lNTs7tM,Weird Tanks in History - Engineering Fails,"This video explores the history of ""Frankenstein tanks""—vehicles cobbled together from mismatched or salvaged parts out of necessity or desperation—from World War II through present-day conflicts like Ukraine, detailing notable examples and their effectiveness or failures.",3412
UC510QYlOlKNyhy_zdQxnGYw,sEiyR7-0FOA,STOP Repeating these Military LIES,"This video debunks widespread myths about military history—including misconceptions about the French military's reputation, Polish cavalry in WWII, the U.S. military, the vanished battalion at Gallipoli, Roman culture, and the use of wartime fake news and propaganda.",7288
UC510QYlOlKNyhy_zdQxnGYw,hGPrA8RESAA,Soldier Kamikaze in WW1 (Grenadier's Leap),"The video recounts the heroic defense of Monte Cengio by the Italian Sardinian Grenadiers during the 1916 Austro-Hungarian Strafexpedition, where outnumbered troops fought fiercely—some even leaping off cliffs with their enemies—to prevent an Austrian breakthrough toward Venice.",619
UC510QYlOlKNyhy_zdQxnGYw,1c-hVoHCMpo,Old WW1 Veterans who Kept Fighting in WW2,"This video profiles three elderly World War I veterans—Walter Ernest Brown, Adrien Carton de Wiart, and George S. Patton—who returned to fight in World War II, highlighting their bravery, resilience, and the extraordinary actions they undertook despite their age.",1029
UC510QYlOlKNyhy_zdQxnGYw,f_ACIztPQs0,10 Years of YouTube...,"Chris Kane of Simple History recounts the channel’s growth from short, founder-run animations to a global team producing longer, in-depth videos, and announces a shift toward Patreon support to fund more ambitious and uncensored historical content.",231
UC510QYlOlKNyhy_zdQxnGYw,4Ar-Jbbaoho,Life inside a WW2 KV-1 Tank (Cross section),"The KV-1 was a heavily armored Soviet heavy tank of World War II, notable for its early combat durability and impact, but ultimately outclassed due to its poor mobility, mechanical unreliability, and the advent of more advanced enemy armor.",3210
UC510QYlOlKNyhy_zdQxnGYw,wh1dJ4vr5Zs,Dogs of War - The Hero Canines of WW2,"This video recounts the heroic deeds of dogs awarded the Dickin Medal—known as the animal Victoria Cross—for their bravery and lifesaving actions in World War II, highlighting their crucial roles in military operations, rescue missions, and boosting human morale.",1849
UC510QYlOlKNyhy_zdQxnGYw,mFQ5w4iG380,Soldiers Who were Intoxicated in Battle,"The video recounts remarkable stories of soldiers in various wars—including the Vietnam, World Wars, and the Philippine-American conflict—whose bravery, endurance, or unconventional actions were often fueled or affected by drugs, alcohol, or sheer willpower, highlighting both their exploits and the complex realities of combat.",3301
UC510QYlOlKNyhy_zdQxnGYw,-NMfpDSWM1g,Stupid Things that Bored Soldiers Do,"The video warns soldiers against reckless actions like lighting cigarettes with flamethrowers, cooking with C4, and drinking from gun barrels, explaining how such behaviors endanger lives, create serious health risks, and complicate medics' efforts during warfare.",1898
UC510QYlOlKNyhy_zdQxnGYw,DIVmnxOKy1w,Unique uses for Guns,"This video explores the history of unusual and innovative firearms from the 20th century—including the drip rifle, curved-barrel guns, anti-tank rifles, underwater weapons, and periscope rifles—detailing their design, use, and impact on warfare.",267
UC510QYlOlKNyhy_zdQxnGYw,K6ZKjgriqPY,Napoleon's War On RABBITS,"In this video, Napoleon recounts surviving assassination attempts, his infamous rabbit attack, discovering the Rosetta Stone, and his tumultuous relationship with Josephine, reflecting on his legacy and personal life before his exile.",284
UC510QYlOlKNyhy_zdQxnGYw,xSFmqxfzVME,Russia's Secret Wonder Weapon,"The video explores the history and significance of the tachanka, a horse-drawn machine gun cart used primarily by Russian and Eastern European forces during the early 20th century, highlighting its role in mobile warfare before being replaced by modern vehicles.",268
UC510QYlOlKNyhy_zdQxnGYw,DbuouUYiyNc,The CAT Who Refused To Die In WWII,"The video tells the legendary story of Unsinkable Sam, a cat who supposedly survived the sinking of three ships during World War II, symbolizing hope and the special bond between sailors and their feline companions, though his true existence is debated.",1236
UC510QYlOlKNyhy_zdQxnGYw,im8pRVZuatg,Why Falling Asleep is FATAL in War,The video explains the critical dangers of falling asleep during war—ranging from personal execution and friendly fire to lost battles and entire wars—illustrated with historical examples where sleep deprivation or dozing off led to deadly and disastrous consequences.,949
UC510QYlOlKNyhy_zdQxnGYw,Mq22w71SBq4,Real Life GTA Moments in History,"This video explores notable criminal events and organizations—including a 1995 San Diego tank rampage, the violent history of Japan’s Yakuza, notorious outlaws like Ned Kelly and Charles Bronson, inventive prison weapons, and the evolution and tactics of elite police and FBI units such as SWAT and the Hostage Rescue Team.",4197
UC510QYlOlKNyhy_zdQxnGYw,C4nu_jbrOpE,Most Unfair Wars in History,"This video explores five of the most one-sided wars in history—including the Anglo-Zanzibar War, Persian Gulf War, U.S. invasion of Grenada, Italian invasion of Ethiopia, and the Spanish-American War—highlighting overwhelming disparities in military power and resulting swift victories.",27559
UC510QYlOlKNyhy_zdQxnGYw,bzlIwCZ1FNs,The Best Tank of WW2,"The video details the development, combat history, strengths, and weaknesses of the Soviet T-34 tank, explaining how its innovative design, mass production, and battlefield performance made it a legendary and decisive weapon in World War II.",4255
UC510QYlOlKNyhy_zdQxnGYw,_4KQpJpbwDc,1000 Yard Stare,"The video explores the origins, symptoms, and evolving misunderstandings of ""shell shock"" (now known as PTSD) among World War I soldiers, highlighting its devastating impact, mistreatment, stigma as cowardice, and the long-delayed official recognition of sufferers' suffering.",3959
UC510QYlOlKNyhy_zdQxnGYw,Me9GFczAC2U,UNSTOPPABLE Chinese Soldier who Blocked a Machine Gun with his Body - Korean War,"The video recounts the heroic actions of Wang Jicang, a Chinese soldier during the Korean War, who sacrificed himself to block a machine gun and enable his unit's advance at Triangle Hill, making him a celebrated national hero in China.",725
UC510QYlOlKNyhy_zdQxnGYw,CoPfYGgzCkM,The Rules of war ALL Soldiers MUST OBEY,"The video explains the history and principles of international laws and conventions governing warfare, focusing on protections for non-combatants—especially medics—prohibited tactics, and banned weapons, while highlighting violations and the evolution of rules to minimize unnecessary suffering in armed conflict.",3858
UC510QYlOlKNyhy_zdQxnGYw,eGymx0kJRq0,Stereotypical Ways Countries Fight Wars,"The video explores the distinctive war strategies and doctrines of major nations—including the US's emphasis on technological superiority and logistics, Germany's defensive fortifications, China's combined arms and perception of mass infantry, Russia's deep battle and attrition, Vietnam's guerrilla tactics, and France's precision strikes with small, agile forces.",3750
UC510QYlOlKNyhy_zdQxnGYw,RTIOOxB4IAY,Overpowered Guns used to Cheat in Battle,"The video explores how various weapons—including shotguns, Uzis, crossbows, air rifles, bayonets, Gatling guns, Tommy guns, and needle guns—were viewed as unfair, dishonorable, or controversial in warfare due to their technological advantages or perceived cruelty.",33704
UC510QYlOlKNyhy_zdQxnGYw,_DRW-N8NYaI,Life Under Evil Communist Regimes,"This video explores the horrors and human cost of 20th-century totalitarian regimes, including the Khmer Rouge in Cambodia, Stalin’s Soviet Union, Mao’s Great Leap Forward in China, and North Korea’s Kim dynasty, focusing on famine, repression, and mass atrocities.",7871
UC510QYlOlKNyhy_zdQxnGYw,0PBgtlsO9c4,What Makes a Good Gun Design,"The video explores the evolution and innovation of gun upgrades, magazine placements, special forces loadouts, and fundamental shooting stances, illustrating how practicality, engineering, and combat experience shape weapon design and effective firearm handling throughout history.",1658
UC510QYlOlKNyhy_zdQxnGYw,oj5k89auJ2E,Allies and Axis Working Together in WW2,"The video explores rare instances during World War II when Allied and Axis soldiers aided or even cooperated with each other, often due to personal convictions or unique circumstances, highlighting events like the Battle for Castle Itter and individuals who switched sides.",1723
UC510QYlOlKNyhy_zdQxnGYw,JvtHmsqnh7k,Imperial Japan's Lost Tiger Tank of WW2,"This video explains how Japan attempted to acquire German Tiger tanks during World War II to counter superior American armor in the Pacific, but due to logistical challenges and the Allied invasion of Europe, the tank never reached Japan or saw combat there.",3067
UC510QYlOlKNyhy_zdQxnGYw,ENuzZNYbJgU,The REAL One Man Army (Compilation),"The video recounts the extraordinary wartime exploits and heroism of five soldiers from different eras and nationalities, including Leo Major, Ben L. Salomon, Adrian Carton de Wiart, Christian Craighead, and Hiromichi Shinohara, each of whom performed remarkable feats of bravery and earned distinguished recognition.",5957
UC510QYlOlKNyhy_zdQxnGYw,rIJnGr-ms3U,Maverick 41 - The Story Of Craig Harrison's Sniper Record,"The video recounts how British sniper Craig Harrison set a record in Afghanistan in 2009 by achieving the longest confirmed double kill at 2,475 meters, protecting his comrades in combat and later facing serious personal consequences due to his identity being revealed.",724
UC510QYlOlKNyhy_zdQxnGYw,w53D44R3db4,North Korean Pilot's Daring Defection,"The video recounts the dramatic 1953 defection of North Korean fighter pilot No Kum-Sok, who escaped to South Korea with a MiG-15 jet, earning $100,000 and U.S. citizenship while providing valuable intelligence to the Americans.",3718
UC510QYlOlKNyhy_zdQxnGYw,4Ep-SWif6-o,The Worst Betrayals in History,"This video recounts five of history’s most infamous wartime betrayals—by the British at Mers-el-Kébir, Canadian leadership in Hong Kong, Benedict Arnold, Vidkun Quisling, and the Fourth Crusade’s sack of Constantinople—highlighting their devastating impact on wars and trust among allies.",5258
UC510QYlOlKNyhy_zdQxnGYw,Uy25sg_NDUQ,Useless Overweight Tanks of WW2,"The video explores several oversized, experimental tanks from World War II—including Germany's Jagdtiger and GW Tiger P, Hungary's 44M Tas, Britain's TOG II, and the A39 Tortoise—highlighting their massive size, design aims, operational failures, and ultimate obsolescence.",2894
UC510QYlOlKNyhy_zdQxnGYw,hYMwhrYB3u0,Weirdest Attempts to Cross the Berlin Wall (1961-1989),"This video recounts daring and inventive escape attempts from East Germany between 1961 and 1989, illustrating the risks people took for freedom and culminating in the fall of the Berlin Wall, which marked the end of communist rule in Eastern Europe.",2399
UC510QYlOlKNyhy_zdQxnGYw,hdwQGjmRAI0,Do Soldiers Really Shoot to Kill?,"The video explores whether soldiers truly ""shoot to kill,"" detailing how psychological reluctance to kill is common, military training aims to overcome this, and while willingness to kill has increased over time, studies remain inconclusive and the true extent is hard to quantify.",2812
UC510QYlOlKNyhy_zdQxnGYw,KxbTDruQOCU,Why Soldiers Brought These Weird Items To War,"The video explores the superstitions and rituals of 20th-century soldiers—including lucky charms, mascot animals, special clothing, and unique pre-battle routines—used to cope with the fears, dangers, and uncertainty of war.",382
UC510QYlOlKNyhy_zdQxnGYw,MSw0PUCuZUo,Soldier's Mental Health After the War is Over,"The video examines Gulf War syndrome—its mysterious symptoms, evolving research, and recent findings linking it mainly to low-level sarin exposure—as well as the historical mistreatment and neglect of psychologically and physically disabled war veterans, particularly after World War I.",791
UC510QYlOlKNyhy_zdQxnGYw,2j7v13dwd0U,Hitler's Crazy Plan to Sabotage the United States,"Operation Pastorius was a failed 1942 Nazi plot to sabotage American infrastructure that quickly collapsed when two team members betrayed the mission, leading to the arrest and execution or imprisonment of all eight spies before any attacks occurred.",469
UC510QYlOlKNyhy_zdQxnGYw,0DIHeTrm4WI,Cursed Guns History Should Forget,"The video explores several notorious firearms—from the M50 Reising submachine gun to the USFA Zip 22, Apache revolver, and CSRG Chauchat—detailing their design flaws, reliability issues, and reputations as some of the worst guns ever made.",15582
UC510QYlOlKNyhy_zdQxnGYw,cOoz_69xzBE,Military Deceptions That NO ONE Saw Coming,"This video details the history and use of military deception tactics—including decoy equipment and false identities—across the two World Wars, highlighting ingenious strategies like dummy tanks, sniper dummies, and operations such as Mincemeat that misled enemy forces.",1119
UC510QYlOlKNyhy_zdQxnGYw,P-u81K6KrXU,"No, Silencers on Guns are NOT Silent","This video debunks common gun myths perpetuated by movies and video games, including misconceptions about silencers, flamethrowers, shooting ropes, bullet impacts, gun safety when dropped, and the dangers of blank rounds.",960
UC510QYlOlKNyhy_zdQxnGYw,WFGTeaA7qsY,The True Story of a Forsaken WW1 Tank Crew,"The crew of the British WWI tank ""Frey Bentos"" survived three days trapped between enemy lines during the 1917 Battle of Passchendaele, enduring horrific conditions and heavy fire to prevent their tank from being captured, becoming the war's most decorated tank crew.",1419
UC510QYlOlKNyhy_zdQxnGYw,dP0fH4I2VkU,Guns Disguised as Everyday Objects,"The video explores the history and design of disguised firearms—such as briefcase guns, pen and cane guns, glove guns, and covert assassination devices—highlighting their intended use for concealment, espionage, or surprise attacks, and their impact on warfare and spycraft.",3545
UC510QYlOlKNyhy_zdQxnGYw,rFlMupRFe70,Why Did So Many N*zis Escape To Argentina?,"After World War II, numerous high-ranking Nazis—including Adolf Eichmann, Franz Stangl, and Josef Mengele—escaped justice by fleeing via secret networks, often aided by sympathizers and the Vatican, to Argentina, which welcomed them under President Perón's regime.",2887
UC510QYlOlKNyhy_zdQxnGYw,UC0EFtyiJng,The Real Story Behind Devotion: Jesse Brown and the Korean War,"The video tells the heroic story of Jesse Leroy Brown, the first African-American naval aviator, highlighting his bravery, tragic death during the Korean War, and lasting impact in breaking racial barriers within the U.S. military.",309
UC510QYlOlKNyhy_zdQxnGYw,_UECUpL0-BU,The WORST Military Defeats in History,"The video recounts several historical battles where smaller or seemingly weaker forces—such as the Vietnamese, Indians at Longewala, Hannibal at Cannae, Nazi scouts in Belgrade, and Māori at Gate Pā—defeated or humiliated much larger, better-equipped militaries through superior tactics, courage, or surprise.",10140
UC510QYlOlKNyhy_zdQxnGYw,I-yg_3yx6iA,Things They DON'T Teach You About The Korean War,"This video reveals surprising and overlooked facts about the Korean War, including its status as the first jet-vs-jet conflict, repeated captures of Seoul, severe cold-related casualties, its ongoing unresolved status, international involvement, and its role as the first desegregated US conflict.",3305
UC510QYlOlKNyhy_zdQxnGYw,Sy2unO22PUE,Acid Gambit - The Most Dangerous Delta Force Mission,"Operation Acid Gambit was a daring 1989 Delta Force mission that successfully rescued American Kurt Muse from a Panamanian prison during the US invasion, despite intense combat, a helicopter crash, and numerous near-fatal complications.",734
UC510QYlOlKNyhy_zdQxnGYw,v_jNWXwxmCM,Why YOU NEVER Volunteer In War First,"The video explains why volunteering for certain roles in war—such as mustard gas experiments, night watch, latrine duty, being a ""canary girl,"" or a frontline medic—is especially dangerous and often leads to severe long-term physical and psychological harm.",1521
UC510QYlOlKNyhy_zdQxnGYw,aeXzbZsDWvk,Why The Military Is TERRIFIED Of A 'Broken Arrow',"The video explains the military code ""Broken Arrow,"" highlighting its rare use as a distress signal for imminent danger of being overrun in battle and as a term for nuclear weapon accidents, both indicating situations of extreme crisis.",2726
UC510QYlOlKNyhy_zdQxnGYw,NNmBOnBFvYo,The Soldiers STILL Fighting After WW2 Ended Into The 1950s,"This video details the stories of Japanese soldiers who, due to isolation, disbelief, or adherence to Bushido, continued hiding and fighting on remote Pacific islands for years—and even decades—after World War II had officially ended in 1945.",957
UC510QYlOlKNyhy_zdQxnGYw,LmXuoNt9nPA,The BIGGEST Accidents In War,"This video recounts five of the worst accidental disasters in military history—including the USS Thresher sinking, Operation Cobra friendly fire, the failed Desert One hostage rescue, the Sultana steamboat tragedy, and the 1980 Titan II missile explosion—highlighting how complex systems can fail catastrophically from simple mistakes.",1427
UC510QYlOlKNyhy_zdQxnGYw,wrONky9p1Qs,The Most NOTABLE Assassinations In History,"The video explores the assassinations or attempted assassinations of key historical figures—including John F. Kennedy, Theodore Roosevelt, Archduke Franz Ferdinand, Adolf Hitler (Operation Valkyrie), and King William II—analyzing events, motivations, controversies, and their far-reaching impacts on world history.",19773
UC510QYlOlKNyhy_zdQxnGYw,TvN_q0QGNAs,The History Of Nuclear Fallout (Compilation),"This video explores the development and dangers of nuclear weapons from World War II to the Cold War, covering the Cuban Missile Crisis, fallout shelters, nuclear accidents (""Broken Arrow""), and the doctrine of mutually assured destruction, ultimately illustrating humanity’s ongoing vulnerability to nuclear annihilation.",273
UC510QYlOlKNyhy_zdQxnGYw,CvE-r4ver5I,Life Inside A Panther Turret Bunker (Cross Section),"During World War II, Germany repurposed surplus Panther tank turrets into heavily armored stationary bunkers—known as ""Pantherturm""—to reinforce defensive lines, making efficient use of available resources in response to mounting losses and logistical challenges.",53229
UC510QYlOlKNyhy_zdQxnGYw,u1l0QRmajXM,History's Biggest Disappointments,"This video explores some of history’s greatest letdowns—such as the Titanic, the Gallipoli campaign, the Warsaw Uprising, the Spanish Armada, the Maji Maji Rebellion, and Roman Emperor Didius Julianus—where soaring expectations ended in disastrous reality.",20957
UC510QYlOlKNyhy_zdQxnGYw,ZWcCCS8NIgU,Life Inside a Medieval Castle (Cross Section),"The video explains the structure, purpose, and daily life within medieval castles, highlighting their roles as fortified residences for nobility, centers of community and defense, and enduring symbols of power across Europe.",13111
UC510QYlOlKNyhy_zdQxnGYw,OPz0e5762Rk,Paranoia After The Vietnam War (PTSD),"This video explains how the Vietnam War contributed to widespread, long-lasting PTSD among veterans—marked by debilitating flashbacks and health issues—due to the war’s traumatic experiences, societal stigma, and lack of early mental health support.",1489
UC510QYlOlKNyhy_zdQxnGYw,7GCMonoxkrg,Life Inside A Sturmtiger Tank (Cross Section),"The video provides a detailed history and technical overview of the German World War II Sturm Tiger assault vehicle, highlighting its design, armament, combat role, limited production, and minimal impact on the war due to its late introduction and small numbers.",10118
UC510QYlOlKNyhy_zdQxnGYw,A4qtU2w1YpE,Police & S.W.A.T. Tactics (Compilation),"This video explores the origins, evolution, training, tactics, and equipment of police special units like SWAT and the FBI Hostage Rescue Team, their roles in law enforcement and counterterrorism, and the historical use of shields and formations in modern riot control.",3790
UC510QYlOlKNyhy_zdQxnGYw,VdiBxXmJMMw,American VS British WWII Bombing Tactics - Which Was Better?,"The video explains how the American and British air forces conducted contrasting daylight and nighttime strategic bombing campaigns against Germany in World War II, discussing their objectives, methods, effectiveness, and the significant civilian toll and ongoing controversy over their impact.",1248
UC510QYlOlKNyhy_zdQxnGYw,YaSuzORmwlE,The YouTube Prank That Accidentally Killed Kim Jong Un's Brother,"This video details how two women, unknowingly recruited for a ""prank,"" assassinated Kim Jong-nam—the half-brother of North Korean leader Kim Jong-un—with a VX nerve agent at a Malaysian airport in 2017, sparking international intrigue and diplomatic crisis.",1290
UC510QYlOlKNyhy_zdQxnGYw,-FrIK383mj0,Most Dangerous Career Paths To Take In The Modern Military,"The video highlights some of the most dangerous military jobs—including EOD technicians, forward observers, combat medics, and war correspondents—explaining the extreme risks and high stress they face in combat zones.",254
UC510QYlOlKNyhy_zdQxnGYw,TMw61C8Reds,Everything You Need To Know About D-Day,"The video provides an in-depth account of the D-Day landings at Omaha Beach on June 6, 1944, detailing the challenges, heavy casualties, equipment, firsthand experiences—including that of German defender Hinrich Seelow—and the pivotal role of American paratroopers in the Normandy invasion.",549
UC510QYlOlKNyhy_zdQxnGYw,m8QntyaT4lg,The REAL History Behind Assassin's Creed Shadows,"The video analyzes the Assassin's Creed Shadows trailer, highlighting its historical accuracy in depicting feudal Japan, including figures like Oda Nobunaga, the arrival of Europeans, and the roles of samurai Yasuke and ninja Naoe as protagonists in the upcoming game.",193
UC510QYlOlKNyhy_zdQxnGYw,vIaEgrhC63U,GIANT Soldiers Of War,"The video recounts the extraordinary lives of two exceptionally tall soldiers—Woodrow ""Woody"" Keeble, a heroic Dakota warrior of the Korean War posthumously awarded the Medal of Honor, and Jakob Nacken, Germany’s tallest WWII soldier turned postwar entertainer.",413
UC510QYlOlKNyhy_zdQxnGYw,PAF2AWAh4gU,The Most TERRIFYING Things To See In War,"The video explores some of the most horrifying events in wartime history—including the use of napalm, mass executions, Holocaust death marches, atomic bombings, and cavalry charges—highlighting the enduring psychological and physical trauma inflicted by these atrocities.",524
UC510QYlOlKNyhy_zdQxnGYw,PMgkEGcXDCA,Samurai VS Knight - The ULTIMATE Battle,"The video compares a 16th-century European medieval knight and a Japanese samurai in various combat scenarios, ultimately concluding that the knight wins in most close-quarter battles due to superior armor and weapons, while the samurai prevails with firearms.",803
UC510QYlOlKNyhy_zdQxnGYw,StVqimV856o,The OLDEST Soldier On Omaha Beach - D-Day (1944),"Norman “Dutch” Cota, one of the oldest soldiers on Omaha Beach at age 51, played a pivotal role in rallying and leading American forces during D-Day, earning the Distinguished Service Cross and enduring both success and setbacks throughout his World War II military career.",1256
UC510QYlOlKNyhy_zdQxnGYw,gh9v8S592Zc,Biggest Military Screwups In History,"This video explores infamous military disasters and underdog victories throughout history, highlighting how miscommunication, incompetence, or sheer luck have led to catastrophic blunders, unexpected triumphs, and accidental tragedies in warfare.",6530
UC510QYlOlKNyhy_zdQxnGYw,L72o6Y-kPrw,POV: You Wake Up In The Tet Offensive (1968),"This video offers a first-person guide for US Marines on surviving the Tet Offensive in Vietnam, detailing essential strategies for vigilance, urban combat, booby trap avoidance, and maintaining readiness during the unexpected attacks of early 1968.",1472
UC510QYlOlKNyhy_zdQxnGYw,hpz-w7vTDMA,Life Inside The Flattest Tank - STRV 103 (Cross Section),"The Stridsvagn 103, an innovative Swedish turretless main battle tank designed for defensive warfare during the Cold War, featured a low silhouette, fixed gun, and advanced suspension but never saw combat and was ultimately a unique but dead-end development in tank design.",59299
UC510QYlOlKNyhy_zdQxnGYw,aXvdmuFcmzM,The Perfect Medieval Siege Tactic,"The video explores the history and evolution of sapping—undermining walls through tunneling—as a siege tactic from ancient times through the medieval era and into modern warfare, highlighting notable examples and advancements across centuries.",889
UC510QYlOlKNyhy_zdQxnGYw,zx0L5fCh0AU,WW2 Guns Still Being Used Today,"This video explores several World War II-era weapons—such as the STG44, M2 Browning, Lee-Enfield rifle, MG42, Madsen LMG, M1911 pistol, M3 Grease Gun, M101 Howitzer, and D44 gun—that remain in use today by various militaries and insurgent groups worldwide.",49020
UC510QYlOlKNyhy_zdQxnGYw,z_zSOD5GNig,Pinochet - The Dictator Who Pushed His Enemies Out Of Helicopters,"This video details the brutal 17-year dictatorship of Augusto Pinochet in Chile, marked by severe human rights abuses including torture, executions, and the notorious ""death flights,"" with lasting impacts and limited justice for his victims.",2452
UC510QYlOlKNyhy_zdQxnGYw,pu-THWPxFg8,Life Inside The B-17 Flying Fortress (Cross Section),"This video details the development, variants, technical specifications, combat history, and legacy of the Boeing B-17 Flying Fortress bomber, highlighting its role in WWII and enduring fame, while also promoting the military game War Thunder.",493
UC510QYlOlKNyhy_zdQxnGYw,GOFHolwMV6s,Soldiers Who Didn't Know WW2 Was Long Over (Compilation),"The video explores extraordinary cases of soldiers who continued hiding or fighting for years or decades after major wars had ended—such as Vietnamese, Japanese, and Nazi German holdouts—highlighting the persistent psychological and societal impacts of war.",200
UC510QYlOlKNyhy_zdQxnGYw,1n4aM8gWWxo,Oversized Guns,"This video explores the history and purposes of various oversized firearms—including punt guns for hunting, giant training rifles, anti-tank weapons, and the Afghan jezail musket—highlighting their unique roles, impact, and eventual obsolescence, with an ad for Invideo AI at the end.",26655
UC510QYlOlKNyhy_zdQxnGYw,uEpgG_WP_mY,When The U.S. Allied With North Korea,"The video recounts the 2007 Dihong Dan incident, where U.S. Navy forces assisted North Korean sailors in repelling Somali pirates, resulting in rare cooperation and public gratitude between two traditionally hostile nations.",3260
UC510QYlOlKNyhy_zdQxnGYw,HkDVh5ToV0A,The Worst Behaviors Of Dictators,"This video explores the bizarre and repulsive personal habits of infamous dictators and details major historic atrocities, including the horrors of the Khmer Rouge, the brutality of Idi Amin and Pinochet, and the assassination of Kim Jong-un's half-brother.",3997
UC510QYlOlKNyhy_zdQxnGYw,k4Rb7EAfryU,POV: You Wake Up In The Gulf War,"This video explains the SAS's critical mission during the Gulf War to locate and destroy Iraqi Scud missile launchers in western Iraq, preventing attacks on Israel and safeguarding coalition unity by operating deep behind enemy lines with specialized tactics and equipment.",1019
UC510QYlOlKNyhy_zdQxnGYw,2hK8QRZw2-8,The Hardest Countries To Invade,"The video explains why certain countries—such as the United States, Switzerland, Russia, Great Britain, and Afghanistan—are considered the hardest in the world to invade, highlighting factors like geography, military strength, population, and historical resistance.",11654
UC510QYlOlKNyhy_zdQxnGYw,ydo1TLuOHiY,The Hero who stood up to the My Lai Massacre (1968),"The video recounts how helicopter pilot Hugh Thompson and his crew intervened during the My Lai Massacre in Vietnam, saving civilian lives, reporting the atrocity, and later receiving military honors for their bravery in defying orders to protect innocents.",29557
UC510QYlOlKNyhy_zdQxnGYw,0fMGnjQ_Y3k,The Items The US Army Believes You Can Survive Off Of,"This video reviews the best and worst accessories found in military ration packs, such as the infamous ""John Wayne"" toilet paper, chewing gum, flameless ration heater, cigarettes, and the iconic P38 can opener, highlighting their utility, history, and soldiers' opinions.",434
UC510QYlOlKNyhy_zdQxnGYw,83u0XjBnAyU,The Luxury Lifestyle Of Saddam Hussein,"The video details the extravagant lifestyle and immense wealth of Saddam Hussein, highlighting his spending on luxury cars, palaces, art, and yachts during his 25-year rule over Iraq, contrasted with the poverty of his people and his eventual downfall.",20274
UC510QYlOlKNyhy_zdQxnGYw,7po4rXB3Llo,The Biggest Frauds In History,"This video recounts the incredible true story of Frank Abagnale Jr., a teenage con artist who successfully impersonated a pilot, doctor, and lawyer before eventually being captured and later becoming a consultant for the FBI, and then explores the legal and societal issues surrounding Stolen Valor and the Watergate scandal.",3077
UC510QYlOlKNyhy_zdQxnGYw,SuNFOIPts9A,Fiat 2000 - History's Most Forgotten Tank,"The video explores the history and development of the Fiat 2000, Italy’s first tank built during World War I, highlighting its innovative design, limited production, operational challenges, and eventual obscurity, culminating in the construction of a modern replica now displayed in an Italian museum.",6281
UC510QYlOlKNyhy_zdQxnGYw,Hxo01loiUug,Crazy laws of North Korea,"The video details North Korea's extreme restrictions on daily life, including bans on laughter, sarcasm, fashion choices, haircuts, and marriage practices, illustrating the oppressive control the Kim regime exerts over its citizens' personal freedoms.",1946
UC510QYlOlKNyhy_zdQxnGYw,ykrNweRF9Nk,The most terrifying sounds and sights in war,"The video explores some of the most terrifying sights and psychological weapons in warfare history, including sonic weapons, napalm, biological and nuclear attacks, mass atrocities, and the enduring horror these tactics and events inflict on both combatants and civilians.",3314
UC510QYlOlKNyhy_zdQxnGYw,8Aaw2kk1LZ4,Guns That Don't Make Sense,"The video explores several unconventional and futuristic firearms—including the Pancor Jackhammer, Dardic handgun, H&K G11, FN P90, and Arsenal Shipka—highlighting their unique designs, technical innovations, limited adoption, and enduring legacy in pop culture.",2476
UC510QYlOlKNyhy_zdQxnGYw,JdJD2hQS1hI,The OLDEST Soldiers of War,"This video highlights remarkable stories of elderly World War I veterans and older men—including Walter Brown, Adrien Carton de Wiart, George Patton, Nikolai Morozov, and Norman Cota—who overcame age to participate heroically in World War II.",5111
UC510QYlOlKNyhy_zdQxnGYw,HNEnSEZUAjQ,The Horrors of the Coconut Prison,"The video details the extreme torture, inhumane conditions, and mass suffering inflicted on tens of thousands of communist prisoners at Vietnam's Coconut Tree Prison during the war, highlighting its notorious brutality, rare escapes, and eventual closure after 1973.",28358
UC_WXkNIJ2ncLIsAk_ltbvjA,h989zfYFk2o,400 IQ LEGO SETS!,"The video showcases a variety of Lego sets and highlights the most clever and creative uses of unusual or repurposed Lego pieces, demonstrating ingenious design choices by Lego designers across multiple themes and sets.",193
UC_WXkNIJ2ncLIsAk_ltbvjA,omPcR-Rum9U,LEGO Has Gone Too Far...,"The video counts down the ten Lego sets with the most stickers, highlighting how certain sets require builders to painstakingly apply up to 300 stickers—often tiny or repetitive—making assembly far more tedious and controversial among Lego fans.",89
UC_WXkNIJ2ncLIsAk_ltbvjA,2Y1ZHV3Nfig,Misleading LEGO Bricks...,"The video explains that while LEGO produces bricks in various shades that appear pink, the company officially labels these colors as purples, lavenders, or violets due to Danish language conventions, so by LEGO’s terminology, it does not make ""pink"" bricks.",164
UC_WXkNIJ2ncLIsAk_ltbvjA,l8ByqywIy3s,Weird vs Epic LEGO Set Stickers...,"The video explores the history, controversy, challenges, and creative highlights of LEGO stickers, discussing infamous missteps, the difficulty of placement, fan frustrations, and how LEGO decides between printed elements and stickers for its sets.",158
UC_WXkNIJ2ncLIsAk_ltbvjA,YCDqMf9cMnQ,LOTS OF LEGO SETS THAT BREAK THE RULES!,"The video highlights various rare and amusing errors found in LEGO sets' instructions, sticker placements, and box art—ranging from missing pieces and misprinted images to impossible builds—demonstrating that even LEGO occasionally makes mistakes despite their high quality standards.",1446
UC_WXkNIJ2ncLIsAk_ltbvjA,LVfbHzKyvdE,0 IQ LEGO SETS...,"This video explores some of LEGO’s most unusual or confusing set design decisions, explaining the quirky choices behind specific pieces, odd instructions, and unexpected mashups, all while showcasing LEGO’s blend of creativity, practicality, and business strategy.",1012
UC_WXkNIJ2ncLIsAk_ltbvjA,4cjdNZxlOrE,LEGO will NEVER be the same...,"This video explores the evolution of LEGO minifigure heads from their detailed 1970s origins through increasingly diverse designs, skin tones, and innovative molds, reflecting both technological advances and a growing emphasis on realism and inclusivity in LEGO's history.",2002
UC_WXkNIJ2ncLIsAk_ltbvjA,Q23s9_oKbaU,The Curse of Brittle LEGO Bricks,"The video explores three major Lego conspiracy theories, including the notorious brittle reddish-brown bricks due to faulty dye, the use of licensed sets as loss leaders to attract adult fans, and the company's historic practice of burying obsolete brick molds beneath its factories.",538
UC_WXkNIJ2ncLIsAk_ltbvjA,mesRxwW_FfA,LEGO MINIFIGURES THAT BREAK THE RULES!,"The video highlights various amusing and unusual mistakes found in LEGO minifigure instructions, packaging, and promotional images across multiple themes—including Marvel, Star Wars, City, and Harry Potter—where misprints, missing accessories, and incorrect character depictions have slipped past quality control.",2055
UC_WXkNIJ2ncLIsAk_ltbvjA,0Oirz0WCXJs,1000 IQ LEGO BUILDING TECHNIQUES!,"The video showcases a variety of ingenious and unconventional Lego building techniques, highlighting creative part usage, ""illegal"" methods, and advanced builders who push the boundaries of what's possible with Lego bricks.",1802
UC_WXkNIJ2ncLIsAk_ltbvjA,S49YQq8vtDY,Top 20 LEGO Sets For Christmas!,"The video presents a guide to the top 20 LEGO sets for holiday gifting in 2023, highlighting standout options across themes like Ninjago, Speed Champions, Indiana Jones, and Disney, along with recommendations for all budgets and exclusive discounts on LEGO-themed wall posters.",21
UC_WXkNIJ2ncLIsAk_ltbvjA,pBLL9dy10Cs,LEGO’s Weird Obsessions…,"The video explores LEGO's quirky obsessions with certain pieces—like frogs, hot dogs, bananas, carrots, and especially Batman—detailing how these elements appear in countless sets in creative and unexpected ways, reflecting both designer creativity and fan enthusiasm.",1250
UC_WXkNIJ2ncLIsAk_ltbvjA,sJCxP95iHgU,500 IQ LEGO SETS!,"The video highlights clever and creative ways LEGO designers repurpose minifigure accessories and unusual parts—like weapons, sausages, whips, and snakes—across various sets, demonstrating their ingenuity in adding hidden details and unique functions to LEGO builds.",1523
UC_WXkNIJ2ncLIsAk_ltbvjA,MRPS6Ypy30k,Craziest LEGO Hot Takes...,"The video explores a range of controversial and humorous ""hot takes"" from the LEGO fan community, covering topics like building habits, stickers, storage, minifigure obsession (or lack thereof), set pricing, play vs. display, and the divisiveness of newer LEGO themes and products.",966
UC_WXkNIJ2ncLIsAk_ltbvjA,-JnviYGG0-0,"$1 vs $100,000 LEGO Set!","This video explores the vast range of LEGO set prices, from rare $1 garage sale finds to exclusive collectible sets valued at over $100,000, detailing the factors that make certain LEGO sets and minifigures exceptionally valuable among collectors.",251
UC_WXkNIJ2ncLIsAk_ltbvjA,slYdZawNRW4,Awkward LEGO Sets...,"The video humorously explores Lego’s long-running and creative obsession with including toilets, poop, and bathroom humor in sets—from historical builds to modern themes—highlighting how a single swirly brown piece regularly appears as both waste and dessert.",1445
UC_WXkNIJ2ncLIsAk_ltbvjA,8sNMonInDao,-200 IQ LEGO SETS...,"The video explores unusual, confusing, or seemingly unnecessary steps in various LEGO set instructions, explaining the reasons behind leftover pieces, hidden parts, and odd design choices, while highlighting how LEGO's instruction design has evolved—sometimes with mixed results.",2187
UC_WXkNIJ2ncLIsAk_ltbvjA,chwxNvc7jVk,LEGO Changed Everything...,"The video explores why LEGO avoids including realistic guns and modern military vehicles in its City sets, tracing the company's historical philosophy against depicting real-world violence, and explaining how exceptions for fantasy and licensed themes have created ongoing controversy among fans.",2375
UC_WXkNIJ2ncLIsAk_ltbvjA,S5y29ptlGtU,The Worst LEGO Instruction Steps...,"This video reviews the most tedious and repetitive steps in large LEGO sets, highlighting frustrating builds like the Taj Mahal, Rivendell, Avengers Tower, and especially the world map, which involves placing over 11,000 tiny tiles and can take up to 20 hours.",3279
UC_WXkNIJ2ncLIsAk_ltbvjA,CRYjgo3O4Bk,LEGO Sets But Tiny...,"The video explores the history and creativity of LEGO’s smallest sets, highlighting classic space themes, promotional polybags, clever mini-builds, and micro-replicas, while showcasing how these tiny sets are often among LEGO’s most unique and innovative creations.",494
UC_WXkNIJ2ncLIsAk_ltbvjA,7kQuVgRR-Qk,When LEGO Gets Lazy...,"This video reviews various LEGO sets, contrasting examples of excellent and poor designs across themes like Star Wars, classic space, vehicles, and architecture, while highlighting what makes certain sets innovative, detailed, and playable versus those that are uninspired or poorly executed.",3745
UC_WXkNIJ2ncLIsAk_ltbvjA,XDfDYCi4xBQ,MANY LEGO SETS THAT BREAK THE RULES!,"The video highlights a variety of mistakes and inconsistencies found in LEGO sets’ instructions, packaging, and minifigure designs, showcasing errors such as missing or extra pieces, mislabeled bags, misprinted images, and assembly step mix-ups reported by fans.",3370
UC_WXkNIJ2ncLIsAk_ltbvjA,PG_4Y2IXqlI,The Hottest LEGO Hot Takes…,"The video explores a series of provocative and divisive opinions from the Lego community, debating topics like theme preferences, army building, molded vs. brick-built pieces, and even whether Mega Construx is superior, ultimately highlighting the diversity and passion within Lego fandom.",772
UC_WXkNIJ2ncLIsAk_ltbvjA,q6N2iBQHFT0,600 IQ LEGO SETS!,"The video showcases creative and unexpected uses of LEGO pieces in various sets, highlighting clever design techniques where standard parts are repurposed in innovative ways, including whips as antennas, bananas as car details, and minifig accessories as animal features.",1214
UC_WXkNIJ2ncLIsAk_ltbvjA,C_VWRaBg3dk,These LEGO Minifigures Are Not Normal...,"The video explores various rare and funny LEGO misprints and manufacturing mistakes—ranging from misprinted minifigure heads and helmets to deformed bricks and instruction errors—explaining their causes, rarity, collectible value, and appeal to LEGO fans.",728
UC_WXkNIJ2ncLIsAk_ltbvjA,iZIKIwTZZK4,Crazy LEGO Conspiracy Theories...,"The video explores various Lego-related rumors and conspiracies—including the overabundance of frog pieces due to an alleged manufacturing error, duplicate set shipments possibly tied to marketing tactics, and the removal of weapons imagery from Star Wars packaging—while assessing their plausibility and revealing insights into Lego's operations.",379
UC_WXkNIJ2ncLIsAk_ltbvjA,WvUWBa5jDlU,200 IQ LEGO Play Features!,"The video highlights some of the weirdest, wackiest, and most creative play features ever included in LEGO sets, from minifigure-swallowing dragons and trap doors to flushing toilets, edible pellets, and even poop-shooting monsters.",3359
UC_WXkNIJ2ncLIsAk_ltbvjA,88wmTsMfZSk,LEGO is hiding this in sets...,"This video explores clever and obscure Easter eggs hidden in various LEGO sets, highlighting inside jokes, references, and unique details that designers have incorporated for builders to discover, from red herrings and ""laundered"" money to hidden national flags and playful brick placements.",2010
UC_WXkNIJ2ncLIsAk_ltbvjA,Yh4B0QCuSBs,LEGO But It Talks...,"The video reviews the new $100 LEGO Harry Potter Talking Sorting Hat set, discussing its rare sound brick feature, the history and challenges of LEGO sound bricks, and debates whether the novelty justifies the high price while anticipating future use of sound bricks in LEGO sets.",279
UC_WXkNIJ2ncLIsAk_ltbvjA,A5rxddBGzLE,700 IQ LEGO SETS!,"This video highlights clever and creative design techniques in recent and classic official LEGO sets, showcasing innovative part usage and building tricks that demonstrate the ingenuity of LEGO designers and the unexpected versatility of LEGO elements.",1903
UC_WXkNIJ2ncLIsAk_ltbvjA,A3PhuPZpR_g,LEGO Has An Obsession...,"The video explores LEGO’s quirky obsessions with repeatedly using certain pieces—like Thor’s hammer, katanas, coffee mugs, cherries, fire trucks, and frogs—in countless sets, often in playful or unexpected contexts far beyond their original purpose.",1249
UC_WXkNIJ2ncLIsAk_ltbvjA,qutXIIStW-w,Insane LEGO Hot Takes...,"The video explores a variety of viewer-submitted controversial LEGO hot takes, discussing opinions on discontinued themes, favorite eras, unique building habits, set preferences, and LEGO's marketing practices, while reflecting on how nostalgia and personal taste shape fans' views.",395
UC_WXkNIJ2ncLIsAk_ltbvjA,yM4xPV-BoB8,THESE LEGO SETS BREAK THE RULES!,"The video explores 15 LEGO sets with notable instruction or artwork errors—ranging from misprinted steps and missing or extra pieces, to mistakes that make building impossible—showcasing how even official LEGO products are sometimes released with significant flaws.",1026
UC_WXkNIJ2ncLIsAk_ltbvjA,jQ1v4AxaiIU,LEGO Capes Are 100x Better Now...,"This video explores the history, evolution, and rarest examples of LEGO minifigure capes, from their humble plastic beginnings in 1984 to today's innovative designs, highlighting noteworthy variants, iconic sets, and collectible value among LEGO fans.",2255
UC_WXkNIJ2ncLIsAk_ltbvjA,lnAcf3idJPI,Weird LEGO Cars Be Like...,"This video explores the history and evolution of Lego cars, highlighting key milestones, unique and imaginative vehicle sets, and Lego's role as the world's largest tire producer, while showcasing both realistic replicas and whimsical, creative designs.",148
UC_WXkNIJ2ncLIsAk_ltbvjA,gWUgLcA-8ps,200 IQ LEGO MINIFIGURES!,"This video explores the most creative and unique Lego minifigure designs, highlighting distinctive elements like specialized hairpieces, accessories, transparent parts, unique molds, and Easter eggs that demonstrate Lego's ongoing innovation and attention to character detail over the years.",18562
UC_WXkNIJ2ncLIsAk_ltbvjA,Sxo2j9EugnU,75 LEGO SETS THAT BREAK THE RULES!,"The video showcases a wide variety of accidental errors, oddities, and rule-breaking mistakes found in LEGO sets, instructions, and packaging—from floating pieces and misprinted minifigures to mislabeled parts—demonstrating how even LEGO occasionally lets small production slip-ups reach consumers.",15446
UC_WXkNIJ2ncLIsAk_ltbvjA,vz_iQIp7Sg4,2000 IQ LEGO BUILDING TECHNIQUES!,"The video highlights some of the most creative and ingenious LEGO building techniques, showcasing impressive fan-made creations—from massive dragons and kinetic dioramas to clever uses of minifigure parts and inventive architectural solutions—demonstrating the endless possibilities of LEGO artistry.",2753
UC_WXkNIJ2ncLIsAk_ltbvjA,wMm11lzsXM0,LEGO Wants These Bricks Destroyed,"The video explores the fascinating and scandalous history of rare, highly collectible marbled ""Grangemouth bricks,"" unauthorized Lego bricks created in 1970s Scotland when factory employees secretly made and distributed them, making them valuable and controversial collector's items today.",7761
UC_WXkNIJ2ncLIsAk_ltbvjA,0-MQEvomCYU,LEGO Sets With Too Many Minifigures,"The video counts down the LEGO sets with the highest number of minifigures, revealing that 1982's Fabuland Minifigure Retail Box holds the record with 80 minifigures, far surpassing modern sets like the Avengers Tower.",67124
UC_WXkNIJ2ncLIsAk_ltbvjA,-fqIKZXwX8w,LEGO's WORST Obsessions...,"The video explores LEGO's recurring obsessions with certain parts and themes—such as the candle element, food items like pizza and drumsticks, and specific sets like the Millennium Falcon—highlighting how these pieces repeatedly appear in numerous sets and creative variations.",876
UC_WXkNIJ2ncLIsAk_ltbvjA,fAnRIzHpxuE,300 IQ LEGO Play Features!,This video explores the most creative and clever play features in various LEGO sets—from hidden compartments and action mechanisms to interactive parts and unique packaging—highlighting how imaginative designs enhance the fun and appeal of LEGO for fans of all ages.,3601
UC_WXkNIJ2ncLIsAk_ltbvjA,mBIXXFPgTKI,EXTREME LEGO FAKES!,"This video humorously explores the world of fake and knockoff Lego sets, showcasing a wide range of poorly made, bizarre, and copyright-infringing imitations—from fake Star Wars and Marvel sets to creepy Ninjago and minion figures.",3504
UC_WXkNIJ2ncLIsAk_ltbvjA,DW8e0cKUr5U,800 IQ LEGO SETS!,"The video explores the most ingenious and unconventional building techniques in LEGO sets, highlighting creative part usage—like lipstick as car exhausts and hot dog buns as lanterns—and even instances where LEGO appears to break its own rules for innovative designs.",9707
UC_WXkNIJ2ncLIsAk_ltbvjA,Xe21Yh-Gi9Y,THE WORST LEGO SETS,"The video reviews some of LEGO's worst sets ever made—highlighting design flaws, poor value, and unpopular features—culminating with the infamous unreleased giraffe set and the dismal Galidor Happy Meal toy, which received the lowest user rating.",42705
UC_WXkNIJ2ncLIsAk_ltbvjA,KoAPxfmjxeA,LEGO is all connected...,"The video explores ten of the most clever hidden secrets, Easter eggs, and personal designer references found in various LEGO sets, including nods to classic themes, movies, minifigure cameos, and special connections between different LEGO lines.",2490
UC_WXkNIJ2ncLIsAk_ltbvjA,QUgY6kxrRDQ,Do You Remember These LEGO Sets?,"This video reviews several discontinued LEGO themes—including Monster Fighters, Universe, Spybotics, Inventor, Dino Attack, Avatar, Ben 10, Legends of Chima, Mixels, Atlantis, and Pharaoh's Quest—exploring their unique features, memorable sets, and reasons for their cancellation.",13044
UC_WXkNIJ2ncLIsAk_ltbvjA,9Z25P_XT8BI,LEGO Sets You Can't Take Apart,"This video explores various LEGO sets and building techniques that create nearly impossible-to-disassemble ""dead end"" constructions, highlights notable examples, discusses removal methods, and examines the debate over design flaws and ""illegal"" building practices in LEGO.",42402
UC-9b7aDP6ZN0coj9-xFnrtw,E0xk4heUgX0,Are These Really Just Rocks on Mars? | Perseverance Part 6,"The video explores how Mars has often deceived observers through optical illusions and human bias, highlighting how the Perseverance rover's discoveries—including ambiguous rock formations and actual human-made debris—remind us to critically examine what we see in the search for extraterrestrial life.",1088
UC-9b7aDP6ZN0coj9-xFnrtw,9hmZSOy_5qU,"We've Been Receiving a Radio Signal Every 22-Minutes for 35 Years, And Astronomers Are Baffled","Astronomers have discovered a mysterious, highly stable 22-minute radio signal—likely from an unknown type of cosmic object—challenging existing theories about neutron stars and pulsars, and hinting at new astrophysical phenomena beyond current understanding.",2715
UC-9b7aDP6ZN0coj9-xFnrtw,B3aNeJ5s7ew,What Will the Solar Maximum do to Earth in 2025?,"This video explains how the Sun's 11-year cycles significantly influence life on Earth by affecting technology, climate, ecosystems, and possibly even human health and behavior, with the next solar maximum expected in 2025.",3241
UC-9b7aDP6ZN0coj9-xFnrtw,b9O6iCM4vCg,"Light Can Go Backwards Through Time, And This Experiment Proves It",The video explores recent experiments showing that light can behave in ways that defy classical physics—including traveling faster or slower than its usual speed and even appearing to interfere with itself across time—raising new questions about the true nature of light and causality.,40764
UC-9b7aDP6ZN0coj9-xFnrtw,mo7-S9RjbuQ,The Uncomfortable Truth: Why We Are Heading Towards Complete Isolation,"The video explains how the universe's accelerating expansion led scientists to theorize dark energy—an invisible force making up about 68% of the universe—and explores ongoing research, including the Euclid telescope, aimed at uncovering its mysterious nature.",684
UC-9b7aDP6ZN0coj9-xFnrtw,q7AT3XHguxU,What Satellites Can See From Space Is Troubling,"The video explores the rapid growth and increasing resolution of Earth-observing satellites, highlighting their powerful benefits for science and society but raising significant concerns about privacy as surveillance capabilities become ever more advanced and ubiquitous.",30078
UC-9b7aDP6ZN0coj9-xFnrtw,IEviJlL3Cxs,"For the Last 33 Years, Hubble Has Been Seeing Something It Wasn't Designed For | Hubble Supercut","This video explores the remarkable contributions of the Hubble Space Telescope to our understanding of the solar system, highlighting its unexpected discoveries, planetary observations, and complementary relationship with the James Webb Space Telescope.",826
UC-9b7aDP6ZN0coj9-xFnrtw,67mmE0Bja5o,How NANOGrav Uses Dead Stars to Detect Spacetime Ripples,The video explains how the NANOGrav collaboration detected strong evidence for a gravitational wave background—subtle ripples in spacetime likely caused by supermassive black hole binaries and possibly the Big Bang—using an array of precisely monitored pulsars spread across the galaxy.,320
UC-9b7aDP6ZN0coj9-xFnrtw,KD0xHfFmMKw,Something is Still Lurking Below the Moon's Surface | India's Chandrayaan 3 Moon Mission ISRO,"India's Chandrayaan-3 mission made history by achieving the first landing at the Moon's south pole, yielding important data on lunar elements—though it failed to directly detect surface water ice, suggesting future searches must probe beneath the regolith.",758
UC-9b7aDP6ZN0coj9-xFnrtw,WH4MChywx4o,The Storm So Big It Can Take Out Satellites,"The video explains how massive, planet-wide dust storms form on Mars approximately every 5.5 Earth years, the mechanisms behind their development, their impacts on robots and potential human settlers, and the challenges these storms pose for future exploration and habitation.",1333
UC-9b7aDP6ZN0coj9-xFnrtw,ridb9olnqLc,What the Upcoming Geomagnetic Reversal Will Do to Earth,"The video explores Earth's geomagnetic reversals, explaining their causes, historical frequency, potential dangers—including increased radiation and technological disruptions—and concludes that while the risks are real, such events are slow, giving humanity time to adapt.",7310
UC-9b7aDP6ZN0coj9-xFnrtw,keUZLShfWCY,The Best Earth-like Exoplanet Has 4 Major Problems,"The video explains that while thousands of exoplanets have been discovered, none found so far are truly suitable for human habitation due to factors like harsh stellar environments, tidal locking, and gravity, making the search for a real ""Earth 2.0"" ongoing.",70684
UC-9b7aDP6ZN0coj9-xFnrtw,6EbuAEagQj4,The Deepest We Have Ever Seen Into the Sun | SDO 4K,"This video explores the Sun’s dynamic atmosphere and surface using different wavelengths of electromagnetic light, revealing features like solar flares, coronal holes, prominences, sunspots, and granules, and highlighting how advanced imaging uncovers the Sun’s hidden complexity.",117811
UC-9b7aDP6ZN0coj9-xFnrtw,KJ61koSsyyY,We May Have the Key To the Theory of Everything... Let me Explain With a Model | Part 1,"The video explores the quest for a grand unifying theory in physics—highlighting the challenges in merging quantum mechanics and relativity, introducing string theory and extra dimensions, and presenting the host’s own conceptual approach to explaining the universe’s underlying structure.",1938
UC-9b7aDP6ZN0coj9-xFnrtw,hxgdjbi2MTU,The Final Cassini Images that Stunned the World | NASA Cassini Supercut,"This video explores the Cassini-Huygens mission’s legacy, detailing its groundbreaking discoveries about Saturn’s rings, moons, atmosphere, and unresolved mysteries—including Saturn’s day length and magnetic field—made possible by spectacular data gathered during Cassini's dramatic Grand Finale.",19220
UC-9b7aDP6ZN0coj9-xFnrtw,vIPwQwEC-FQ,"James Webb Discovered Something So Improbable, It Shouldn’t Ever Happen","The James Webb Space Telescope has discovered 40 pairs of Jupiter-mass planets, called JuMBOs, orbiting each other in the Orion Nebula, challenging existing theories of star and planet formation due to their surprising frequency and improbable nature.",2641
UC-9b7aDP6ZN0coj9-xFnrtw,Q15yFTtIRlM,What the Moon Will Do to Earth Next Decade,"The video explains how the Moon’s 18.6-year lunar nodal cycle intensifies tides, and combined with rising sea levels from climate change, is expected to cause dramatic, widespread coastal flooding and ecological impacts in the mid-2030s, urging urgent adaptation measures.",869
UC-9b7aDP6ZN0coj9-xFnrtw,epZ5_DVQzFE,The Facts Nearly Everyone Gets Wrong About Pluto,"This video answers four key questions about Pluto, explaining why it’s hard to image from Earth, why Pluto and Charon orbit a shared point in space, how New Horizons captured bright images despite Pluto’s distance from the Sun, and why Pluto is classified as a dwarf planet.",54379
UC-9b7aDP6ZN0coj9-xFnrtw,QqY8fY0TqaQ,The 9 Experiments That Will Change Your View of Light (And Blow Your Mind),"This video explains how various quantum physics experiments—especially those involving light—challenge our understanding of reality, demonstrating that light and matter behave unpredictably, are altered by observation, and may even allow information to travel backward in time.",70178
UC-9b7aDP6ZN0coj9-xFnrtw,59ZOgGBAXNU,How Destroying Mercury Would Help Humanity,"The video explores the concept of Dyson spheres as a potential long-term solution to Earth's impending energy crisis, analyzing their feasibility, required resources, and the mathematics behind harnessing the Sun's full energy output for future civilization.",587
UC-9b7aDP6ZN0coj9-xFnrtw,jE1wWJb-8pA,The Suspicious Similarities Between Earth and Mars,"The video explains how scientists search for alien life by studying ancient extremophilic microbes on Earth, whose unique adaptations and biosignatures guide the hunt for life on planets like Mars and Europa, and discusses future telescopes advancing this quest.",156
UC-9b7aDP6ZN0coj9-xFnrtw,s1zqB-xvnUk,The Inexplicable Cosmic Coincidence That Suggests the Universe Was Designed | Part 1,"This video explores why the measured amount of dark energy in the universe is far lower than theoretical predictions—allowing galaxies, stars, and life to exist—and discusses whether this remarkable ""fine-tuning"" is a coincidence or evidence of deeper underlying principles.",879
UC-9b7aDP6ZN0coj9-xFnrtw,lbl_4TnPIGM,Journey Across the Solar System Through the Eyes of the Voyager Probes,"The video traces the extraordinary 47-year journey of NASA’s Voyager 1 and 2 probes, highlighting their groundbreaking discoveries about the outer planets and their moons, and reflecting on their lasting legacy as humanity’s farthest-traveled space explorers.",72905
UC-9b7aDP6ZN0coj9-xFnrtw,iE72t-WFKNM,This Makes Me Sad: The Crash on the Moon that Could've Easily Been Avoided,"This video examines the failure of Russia's Luna-25 Moon mission, attributing its crash to technological setbacks, rushed competition with India, and Western sanctions, while underscoring the importance of international collaboration in successful space exploration.",154
UC-9b7aDP6ZN0coj9-xFnrtw,z6bybdozsjY,What's Happening With Antimatter at CERN? Scientists Are Stumped Again,"This video explains the nature of antimatter, the differences and similarities between matter and antimatter—especially regarding gravity—and details a recent CERN experiment showing that antimatter, like matter, falls downward due to gravity, challenging alternative theories.",4325
UC-9b7aDP6ZN0coj9-xFnrtw,Q-ZIHu8e0hM,Kilonova Size Explosions Are Popping Off in Empty Space,"This video explores the mystery of Luminous Fast Blue Optical Transients (LFBOTs)—extraordinarily bright, short-lived cosmic explosions that have baffled astronomers since 2018, challenging existing theories and highlighting the need for more data to understand their origins.",13231
UC-9b7aDP6ZN0coj9-xFnrtw,u6a6MCeDfac,What Will Humanity Do If We Ever Discover Aliens?,"This video explores the scientific search for alien life, discussing definitions of life, likely conditions and forms for extraterrestrial organisms, the ongoing hunt within our solar system and beyond, possible evidence for aliens, and the challenges and implications of first contact.",36059
UC-9b7aDP6ZN0coj9-xFnrtw,Oj9nJFqios4,The Star that Looks Like a Black Hole,"The video explores the nature and lifecycle of stars, delving into hypothetical exotic stars like gravastars made of vacuum energy, and discusses the ongoing scientific debate over whether some black holes could actually be these exotic objects linked to dark energy.",3168
UC-9b7aDP6ZN0coj9-xFnrtw,YoUJx57bmTQ,The Bizarre Shaped Objects that Block the Sun on Other Planets,"The video explains solar eclipses on Earth and other planets, showcases NASA's stunning images and videos of eclipses across the solar system, discusses their scientific importance, and highlights the April 2024 North American solar eclipse.",283
UC-9b7aDP6ZN0coj9-xFnrtw,svLDNMNDk-U,The Images That Will Change Your View of Our Moon Forever (And Blow Your Mind) | LRO 4K,"This video explores the Lunar Reconnaissance Orbiter's detailed mapping and imaging of the Moon since 2009, highlighting its discoveries of craters, mountains, volcanic features, surface changes, and their significance for lunar science and future human exploration.",21918
UC-9b7aDP6ZN0coj9-xFnrtw,PfIZmv2rC80,Aftermath of the Asteroid Impact that Killed the Dinosaurs,"This video explores the theories behind the mass extinction event that wiped out the dinosaurs 66 million years ago—focusing on asteroid impact, volcanic activity, or both—and examines how life on Earth dramatically changed and eventually recovered.",43987
UC-9b7aDP6ZN0coj9-xFnrtw,qWW0HrVC30s,This Object Could Rewrite Everything We Know About Black Holes,"This video explains the theoretical existence of white holes and wormholes—spacetime phenomena predicted by general relativity as counterparts and extensions of black holes—and discusses their possible connection to black hole death, parallel universes, and the origins of our universe.",5071
UC-9b7aDP6ZN0coj9-xFnrtw,dqi6YWV7Ck4,This Model Explains WHY Heisenberg's Uncertainty Principle Happens | Theory of Everything Part 2,"The video explores how string theory could explain quantum phenomena—such as quantization, uncertainty, and wave-particle duality—by modeling particles as convergences of waves on fundamental strings, and hints at extending this to cover relativity in future episodes.",2002
UC-9b7aDP6ZN0coj9-xFnrtw,96_6FsGqdYQ,I want to change things.,"The creator of Astrum shares the channel’s growth journey, discusses the challenges of relying on YouTube's algorithm for educational space content, and invites viewers to support future projects and stability by joining their Patreon membership.",467
UC-9b7aDP6ZN0coj9-xFnrtw,f6rerulM6bc,How Scientifically Accurate Is Dune?,"This video from Astrum analyzes the scientific plausibility of key concepts from the Dune universe—such as planetary environments, interstellar travel, force fields, and sandworms—ultimately concluding that while imaginative, most are highly fictional or currently impossible.",12965
UC-9b7aDP6ZN0coj9-xFnrtw,yPhhVqjpnKE,What's NASA Trying to Find at the Bottom of the Ocean?,The video explores NASA's use of Earth's deep oceans—due to their similarities with conditions on distant icy moons like Europa—as a testing ground for developing technologies and strategies to search for extraterrestrial life in our solar system.,2306
UC-9b7aDP6ZN0coj9-xFnrtw,vI2bkiXzpuk,Aftermath of the 2024 Noto Japan Earthquake (And Why It Took Scientists Completely By Surprise),"The video explains the unusual geological factors behind the deadly January 2024 Noto Peninsula earthquake in Japan, its surprising impacts, and how ongoing scientific research and advanced engineering help mitigate earthquake risks in such vulnerable regions.",544
UC-9b7aDP6ZN0coj9-xFnrtw,Fg0NX1NW4oQ,The Closest Planet Outside Our Solar System Is Within Reach | Proxima Centauri,"This video explores Proxima Centauri, our closest stellar neighbor, detailing its properties, discovery, the recent detection of potentially habitable exoplanets, ongoing scientific debates, and ambitious future plans to send probes for direct exploration.",35219
UC-9b7aDP6ZN0coj9-xFnrtw,JruiT2YU0AQ,Quasar Spotted in the Milky Way!,"The video explains how microquasars—smaller, less powerful versions of quasars—exist within our Milky Way, and how studying objects like SS 433 helps scientists better understand the extreme physics of quasars throughout the universe.",2351
UC-9b7aDP6ZN0coj9-xFnrtw,t5tzbu_Hvts,What Did ESA See Around Mercury? | BepiColombo,"The video explores the challenges and scientific goals of the BepiColombo mission to Mercury, detailing its journey, recent findings from flybys, and its plan to enhance our understanding of Mercury’s geology, magnetic field, and exosphere upon arrival in 2025.",4421
UC-9b7aDP6ZN0coj9-xFnrtw,jN1y9kHTPSc,A Shift in the Earth's Cycles Is Coming - Will It Affect You?,"This video explains the major natural cycles shaping Earth's climate—such as Milankovitch cycles, El Niño/La Niña, jet streams, geomagnetic reversals, solar and lunar influences—and concludes that while these cycles are significant, recent rapid global warming is primarily due to human activity.",43268
UC-9b7aDP6ZN0coj9-xFnrtw,WMFL_Ve9e2M,This Substance Is the Most Dangerous Threat to Earth,"This video from Astrum explores how melting polar ice, driven by human-induced climate change, is disrupting Earth's climate systems, potentially causing significant sea level rise, ecological threats, and extreme weather by 2100, while emphasizing the need for human adaptation and action.",1616
UC-9b7aDP6ZN0coj9-xFnrtw,JfF9OozCjas,These Images Explain Why Venera Went Silent on Venus | 4K,"This video explores the history and findings of robotic missions to Venus, revealing its extreme atmospheric and surface conditions, mysterious chemical composition, surface mapping via radar, and the ongoing search for potential signs of microbial life.",3480
UC-9b7aDP6ZN0coj9-xFnrtw,JRHwq1DIgbI,What They Didn't Teach You in School About Jupiter | Our Solar System's Planets,"This video provides a comprehensive overview of Jupiter, exploring its immense mass, storms, gravitational influence on the solar system, unique atmospheric features, magnetosphere, rings, and moons, highlighting its vital protective role and ongoing scientific exploration.",76262
UC-9b7aDP6ZN0coj9-xFnrtw,8yo-SbH-Y2Q,"Betelgeuse looks a lot stranger than we thought, and physics shouldn't allow it","The video explores whether the giant star Betelgeuse is truly rotating at an unusually high speed or if turbulent surface activity is creating an optical illusion, highlighting new research and the need for higher-resolution observations to resolve the mystery.",2835
UC-9b7aDP6ZN0coj9-xFnrtw,kC6CrUZcW-A,Why It's Harder to Crash Into The Sun Than to Leave The Solar System,"This video explains why sending Earth's toxic waste, especially nuclear waste, into the Sun is extremely difficult, risky, and expensive due to orbital mechanics, fuel requirements, and the high potential for catastrophic launch failures, making safer earthbound disposal methods more practical.",239
UC-9b7aDP6ZN0coj9-xFnrtw,wFTGP7-n3J8,What They Didn't Teach You in School About Mars | Our Solar System's Planets 4K,"This video explores the fascinating features of Mars—its similarities and differences with Earth, stunning 4K imagery, active geology, unique atmosphere, moons, and dust storms—highlighting why it captivates scientists and may be humanity's next destination.",41999
UC-9b7aDP6ZN0coj9-xFnrtw,mrYjJ9Jl9dA,What They Didn't Teach You in School About Earth | Our Solar System's Planets,"This video from Astrum explores what makes Earth unique in the universe, covering its structure, atmosphere, timekeeping, seasons, magnetic field, plate tectonics, water cycle, and the vital role of the Moon in supporting life.",5070
UC-9b7aDP6ZN0coj9-xFnrtw,lUYNQDAa3cI,Physics Gets Weird at the End of the Universe,"The video explores the four main scientific theories for how the universe might end—Heat Death (Big Freeze), Big Crunch, Big Rip, and Big Bounce—explaining how each depends on the nature of dark energy and our universe’s evolving physics.",2088
UC-9b7aDP6ZN0coj9-xFnrtw,Cp51BYfV5Sc,Mars Is Doing Something Weird at Night,"This video argues that while Mars’ surface is being explored for evidence of past life, the most likely place for living organisms today is deep beneath the Martian surface, in protected underground environments similar to Earth’s deep biosphere.",1131
UC-9b7aDP6ZN0coj9-xFnrtw,DSwXdGeuFQg,"You guys are awesome, thanks for the 2 million subs","The creator of Astrum celebrates reaching 2 million subscribers by reflecting on the channel’s 11-year journey, highlighting its most impactful videos about space and science, and expressing deep gratitude to viewers and supporters.",53
UC-9b7aDP6ZN0coj9-xFnrtw,dDc6UH7EEe0,"The Star Explosion So Powerful, It Compressed Our Atmosphere from 2 Billion Light Years Away","The video explores the unprecedented ""BOAT"" gamma-ray burst of 2022—the brightest ever observed—and examines how its unusual properties challenge our understanding of gamma-ray bursts, heavy element formation, and possibly even the Standard Model of physics.",2728
UC-9b7aDP6ZN0coj9-xFnrtw,UyzBoUvN3PM,What Voyager Detected at the Edge of the Solar System,"This video chronicles the Voyager 1 and 2 missions, detailing their groundbreaking exploration of the outer planets, discoveries about moons and planetary rings, historic entry into interstellar space, and their enduring legacy as humanity’s farthest-traveled spacecraft.",336440
UC-9b7aDP6ZN0coj9-xFnrtw,DhLm_4pBrso,What They Didn't Teach You in School about Neptune | Our Solar System's Planets,"This video explores the fascinating planet Neptune, covering its discovery, unique dynamic atmosphere, extreme weather, internal structure, rings, and moons—especially Triton—highlighting what makes Neptune distinct among the outer planets of our solar system.",60435
UC-9b7aDP6ZN0coj9-xFnrtw,85WVpofrCFk,How Are Ghost Particles Affecting Earth? | IceCube Observatory Discovery,"This video explores the IceCube Neutrino Observatory in Antarctica, explaining how it detects elusive neutrinos using sensors embedded deep in ice, and how this helps scientists study extreme cosmic events and expand our understanding of the universe.",388
UC-9b7aDP6ZN0coj9-xFnrtw,yV0ArmJDtd8,NASA Tried to Screw Astronauts Over Money - and Paid the Price Big Time,"The Apollo 15 postal scandal saw astronauts secretly carry unauthorized postal covers to the Moon for profit, leading to a major controversy, congressional hearings, damaged reputations, and lasting restrictions on what personal items astronauts may take into space.",112
